"Tiempos de Generaci贸n de Claves (SECP256R1, X25519, Ed25519)","Tiempos de Firma de Mensajes (ECDSA, Ed25519)","Tiempos de Verificaci贸n de Firmas (ECDSA, Ed25519)","Tiempos de Generaci贸n de Claves Compartidas (ECDH[hos11 -> host2], X25519[hos11 -> host2])","Tiempos de Derivaci贸n de Claves (HKDF) [ecdsa, ed25519]"
0.02467489242553711,0.0033044815063476562,0.0017919540405273438,0,0.0036733150482177734,0.0003237724304199219,0,0,0.0012636184692382812,0.0005309581756591797,0,0,0.0009558200836181641,0.0007441043853759766,0.0004220008850097656,0.000431060791015625,0.0004563331604003906,0.00019621849060058594,0,0
0.0252535343170166,0.003394603729248047,0.0016999244689941406,0,0.003497600555419922,0.00043082237243652344,0,0,0.0014564990997314453,0.0005469322204589844,0,0,0.0011365413665771484,0.0009407997131347656,0.0004324913024902344,0.0003819465637207031,0.0004329681396484375,0.00021767616271972656,0,0
0.02898406982421875,0.003862619400024414,0.0017824172973632812,0,0.004525661468505859,0.0004887580871582031,0,0,0.0018453598022460938,0.0007684230804443359,0,0,0.001603841781616211,0.0010254383087158203,0.0005047321319580078,0.00046324729919433594,0.0005717277526855469,0.0003197193145751953,0,0
0.028807640075683594,0.00443720817565918,0.002953767776489258,0,0.004057645797729492,0.0003986358642578125,0,0,0.001474618911743164,0.0005893707275390625,0,0,0.0011382102966308594,0.0008997917175292969,0.0004923343658447266,0.00044798851013183594,0.0004184246063232422,0.00020813941955566406,0,0
0.032744407653808594,0.003912687301635742,0.0056226253509521484,0,0.0041773319244384766,0.00047278404235839844,0,0,0.0016727447509765625,0.0006735324859619141,0,0,0.0011832714080810547,0.0009005069732666016,0.0005083084106445312,0.0004475116729736328,0.00044798851013183594,0.00021457672119140625,0,0
0.02927374839782715,0.004917621612548828,0.0023283958435058594,0,0.003832578659057617,0.0003948211669921875,0,0,0.0015130043029785156,0.0006055831909179688,0,0,0.0012242794036865234,0.0009398460388183594,0.0004928112030029297,0.00044417381286621094,0.00044345855712890625,0.00022792816162109375,0,0
0.03238201141357422,0.004137754440307617,0.0022504329681396484,0,0.004529476165771484,0.0008516311645507812,0,0,0.002179384231567383,0.0006263256072998047,0,0,0.0011560916900634766,0.0009183883666992188,0.0004820823669433594,0.0004417896270751953,0.00036334991455078125,0.00025534629821777344,0,0
0.029510021209716797,0.004580020904541016,0.0026395320892333984,0,0.003827333450317383,0.000396728515625,0,0,0.0015499591827392578,0.0006515979766845703,0,0,0.001209259033203125,0.0009198188781738281,0.0005035400390625,0.0004506111145019531,0.0004222393035888672,0.0002777576446533203,0,0
0.035744428634643555,0.005243778228759766,0.0026531219482421875,0,0.004766941070556641,0.00045418739318847656,0,0,0.0016262531280517578,0.0007081031799316406,0,0,0.0013108253479003906,0.0011553764343261719,0.0005795955657958984,0.0004715919494628906,0.00040602684020996094,0.0001881122589111328,0,0
0.03916740417480469,0.005404472351074219,0.002404451370239258,0,0.004909515380859375,0.0005245208740234375,0,0,0.0015950202941894531,0.0006299018859863281,0,0,0.0013053417205810547,0.0010378360748291016,0.0005602836608886719,0.0004608631134033203,0.00047969818115234375,0.0003082752227783203,0,0
0.029218435287475586,0.0040130615234375,0.0022144317626953125,0,0.004567861557006836,0.0009284019470214844,0,0,0.0018007755279541016,0.0005910396575927734,0,0,0.0011508464813232422,0.0009276866912841797,0.0005953311920166016,0.0004611015319824219,0.0004417896270751953,0.0002753734588623047,0,0
0.02834343910217285,0.004366874694824219,0.002270936965942383,0,0.0048999786376953125,0.0004024505615234375,0,0,0.0015363693237304688,0.0006113052368164062,0,0,0.00109100341796875,0.0009069442749023438,0.0004956722259521484,0.00044226646423339844,0.0004184246063232422,0.00020003318786621094,0,0
0.03013324737548828,0.004571676254272461,0.0019350051879882812,0,0.004179477691650391,0.0004851818084716797,0,0,0.0017533302307128906,0.0006093978881835938,0,0,0.0012340545654296875,0.000993967056274414,0.0005478858947753906,0.0004634857177734375,0.0004792213439941406,0.00021982192993164062,0,0
0.03173184394836426,0.0038738250732421875,0.0018031597137451172,0,0.00456547737121582,0.0005505084991455078,0,0,0.001819610595703125,0.0006639957427978516,0,0,0.0012814998626708984,0.0013964176177978516,0.0004949569702148438,0.0004417896270751953,0.0004343986511230469,0.00021886825561523438,0,0
0.031446218490600586,0.004773378372192383,0.002103090286254883,0,0.004252195358276367,0.0005004405975341797,0,0,0.0017514228820800781,0.0006413459777832031,0,0,0.0012230873107910156,0.0011277198791503906,0.0005154609680175781,0.00044918060302734375,0.0005059242248535156,0.0003986358642578125,0,0
0.031029939651489258,0.005048036575317383,0.002396821975708008,0,0.004333019256591797,0.0003819465637207031,0,0,0.001729726791381836,0.0006475448608398438,0,0,0.001233816146850586,0.0010890960693359375,0.0004971027374267578,0.00044536590576171875,0.00038313865661621094,0.0001819133758544922,0,0
0.03303384780883789,0.0049800872802734375,0.003595590591430664,0,0.0051648616790771484,0.0004534721374511719,0,0,0.0016503334045410156,0.0006268024444580078,0,0,0.001190185546875,0.0008776187896728516,0.00048089027404785156,0.0004429817199707031,0.000392913818359375,0.00024247169494628906,0,0
0.02942514419555664,0.0042934417724609375,0.002141714096069336,0,0.0049893856048583984,0.0004553794860839844,0,0,0.0016553401947021484,0.0006358623504638672,0,0,0.001203298568725586,0.0010571479797363281,0.0004990100860595703,0.0004742145538330078,0.00040030479431152344,0.00019121170043945312,0,0
0.02801799774169922,0.004640102386474609,0.0026891231536865234,0,0.00409388542175293,0.0004699230194091797,0,0,0.0017087459564208984,0.0006892681121826172,0,0,0.0011086463928222656,0.0008645057678222656,0.0004725456237792969,0.0004956722259521484,0.0003883838653564453,0.00018453598022460938,0,0
0.02798771858215332,0.004518985748291016,0.002858877182006836,0,0.004254817962646484,0.0005102157592773438,0,0,0.0017135143280029297,0.0006322860717773438,0,0,0.001169443130493164,0.00109100341796875,0.0004987716674804688,0.0004451274871826172,0.0004177093505859375,0.00023627281188964844,0,0
0.027842998504638672,0.004387378692626953,0.0020682811737060547,0,0.004723310470581055,0.00046944618225097656,0,0,0.001638650894165039,0.0006191730499267578,0,0,0.0012602806091308594,0.0035552978515625,0.0004856586456298828,0.00044226646423339844,0.0004611015319824219,0.00021004676818847656,0,0
0.027779102325439453,0.00448155403137207,0.0028693675994873047,0,0.004161834716796875,0.0004546642303466797,0,0,0.0017185211181640625,0.0006427764892578125,0,0,0.001194000244140625,0.0009088516235351562,0.0006120204925537109,0.00044918060302734375,0.0004284381866455078,0.0002319812774658203,0,0
0.0278472900390625,0.004486560821533203,0.0023927688598632812,0,0.004573822021484375,0.00042724609375,0,0,0.0017764568328857422,0.0006160736083984375,0,0,0.001142740249633789,0.0009667873382568359,0.0004887580871582031,0.0004432201385498047,0.0003483295440673828,0.0001685619354248047,0,0
0.02792501449584961,0.004298686981201172,0.0023241043090820312,0,0.004693031311035156,0.0003509521484375,0,0,0.0016438961029052734,0.0006172657012939453,0,0,0.001142263412475586,0.0011107921600341797,0.0004904270172119141,0.00044226646423339844,0.0004527568817138672,0.00022292137145996094,0,0
0.02790093421936035,0.004402875900268555,0.0029611587524414062,0,0.004118919372558594,0.0004494190216064453,0,0,0.0016558170318603516,0.0006377696990966797,0,0,0.0011751651763916016,0.0009067058563232422,0.000545501708984375,0.0004489421844482422,0.0004134178161621094,0.00020694732666015625,0,0
0.027864456176757812,0.0042803287506103516,0.0020513534545898438,0,0.004670381546020508,0.000476837158203125,0,0,0.0016655921936035156,0.0006175041198730469,0,0,0.001173257827758789,0.0009431838989257812,0.0005438327789306641,0.0004520416259765625,0.00039505958557128906,0.0001823902130126953,0,0
0.02777862548828125,0.004436969757080078,0.0027680397033691406,0,0.004169464111328125,0.0004496574401855469,0,0,0.001657247543334961,0.0006380081176757812,0,0,0.0012488365173339844,0.0009284019470214844,0.0004968643188476562,0.00047087669372558594,0.0003974437713623047,0.0002071857452392578,0,0
0.027831554412841797,0.004326581954956055,0.0026590824127197266,0,0.004492521286010742,0.00044465065002441406,0,0,0.0016739368438720703,0.0006160736083984375,0,0,0.001216888427734375,0.000985860824584961,0.0005011558532714844,0.00044155120849609375,0.0004265308380126953,0.00021028518676757812,0,0
0.02788853645324707,0.004304647445678711,0.002123594284057617,0,0.0048999786376953125,0.0004553794860839844,0,0,0.0017180442810058594,0.0006411075592041016,0,0,0.0011801719665527344,0.0009167194366455078,0.0005018711090087891,0.00044727325439453125,0.0004432201385498047,0.00021219253540039062,0,0
0.027912378311157227,0.004476785659790039,0.0028502941131591797,0,0.004201650619506836,0.0004515647888183594,0,0,0.0017542839050292969,0.0006380081176757812,0,0,0.0012235641479492188,0.0009303092956542969,0.0005090236663818359,0.00044536590576171875,0.0004150867462158203,0.0002684593200683594,0,0
0.027859926223754883,0.00427699089050293,0.0020599365234375,0,0.004767417907714844,0.00044274330139160156,0,0,0.0016932487487792969,0.0006196498870849609,0,0,0.0012137889862060547,0.0009548664093017578,0.0004994869232177734,0.0004467964172363281,0.0004475116729736328,0.000217437744140625,0,0
0.028820037841796875,0.005189418792724609,0.002619028091430664,0,0.005432605743408203,0.0005095005035400391,0,0,0.0019223690032958984,0.0007469654083251953,0,0,0.0013720989227294922,0.0012021064758300781,0.0005939006805419922,0.0005357265472412109,0.0005428791046142578,0.0002803802490234375,0,0
0.027844667434692383,0.00432586669921875,0.0023193359375,0,0.004727602005004883,0.0004055500030517578,0,0,0.001722097396850586,0.0006184577941894531,0,0,0.001199483871459961,0.0009367465972900391,0.0004985332489013672,0.00044608116149902344,0.00048351287841796875,0.0002338886260986328,0,0
0.027847766876220703,0.0044367313385009766,0.002655506134033203,0,0.004550933837890625,0.0004355907440185547,0,0,0.0016853809356689453,0.0006308555603027344,0,0,0.0012080669403076172,0.0010030269622802734,0.0005028247833251953,0.0004942417144775391,0.00045371055603027344,0.0002257823944091797,0,0
0.028020381927490234,0.004275083541870117,0.002278566360473633,0,0.0047626495361328125,0.00045680999755859375,0,0,0.0016989707946777344,0.0006899833679199219,0,0,0.0012176036834716797,0.0009694099426269531,0.0005009174346923828,0.0004458427429199219,0.0004291534423828125,0.00022411346435546875,0,0
0.03165173530578613,0.005051374435424805,0.0019664764404296875,0,0.0042917728424072266,0.00047659873962402344,0,0,0.007048130035400391,0.0005865097045898438,0,0,0.0010688304901123047,0.0010249614715576172,0.0004971027374267578,0.00044798851013183594,0.0008251667022705078,0.00040912628173828125,0,0
0.030695676803588867,0.005581855773925781,0.0022788047790527344,0,0.003834962844848633,0.0004267692565917969,0,0,0.001486063003540039,0.0006103515625,0,0,0.0010986328125,0.0008606910705566406,0.0004799365997314453,0.0004398822784423828,0.0003731250762939453,0.00019884109497070312,0,0
0.02778768539428711,0.004297733306884766,0.002218008041381836,0,0.004752159118652344,0.0004398822784423828,0,0,0.001665353775024414,0.0006365776062011719,0,0,0.001238107681274414,0.0009732246398925781,0.0005059242248535156,0.0004961490631103516,0.00041103363037109375,0.0002033710479736328,0,0
0.028019189834594727,0.004373788833618164,0.0025255680084228516,0,0.004372119903564453,0.0004572868347167969,0,0,0.0017452239990234375,0.0006816387176513672,0,0,0.0012054443359375,0.0009050369262695312,0.0004949569702148438,0.0004458427429199219,0.0004067420959472656,0.00018095970153808594,0,0
0.027794837951660156,0.004331111907958984,0.002462625503540039,0,0.004583120346069336,0.000396728515625,0,0,0.001726388931274414,0.0006384849548339844,0,0,0.0011966228485107422,0.0009174346923828125,0.0004966259002685547,0.00044608116149902344,0.0004782676696777344,0.00021314620971679688,0,0
0.02800154685974121,0.004097461700439453,0.002471446990966797,0,0.005208015441894531,0.0005159378051757812,0,0,0.001573324203491211,0.0006134510040283203,0,0,0.001224517822265625,0.0009229183197021484,0.0004930496215820312,0.00044608116149902344,0.0004954338073730469,0.00022602081298828125,0,0
0.027846336364746094,0.0042877197265625,0.0022618770599365234,0,0.004754304885864258,0.00043654441833496094,0,0,0.001711130142211914,0.0006375312805175781,0,0,0.0012104511260986328,0.0009522438049316406,0.00049591064453125,0.00044536590576171875,0.0004899501800537109,0.00020885467529296875,0,0
0.02788400650024414,0.004151582717895508,0.0024602413177490234,0,0.005205392837524414,0.0005011558532714844,0,0,0.0015556812286376953,0.0006077289581298828,0,0,0.001256704330444336,0.0009264945983886719,0.0004901885986328125,0.0004470348358154297,0.0004901885986328125,0.00022149085998535156,0,0
0.027713298797607422,0.004252195358276367,0.0026650428771972656,0,0.004885435104370117,0.00039267539978027344,0,0,0.0016252994537353516,0.0006482601165771484,0,0,0.0011448860168457031,0.0009703636169433594,0.0005059242248535156,0.0004489421844482422,0.000431060791015625,0.00020051002502441406,0,0
0.027925491333007812,0.004325151443481445,0.0022220611572265625,0,0.004567146301269531,0.00046372413635253906,0,0,0.0016529560089111328,0.0006096363067626953,0,0,0.0012145042419433594,0.0009148120880126953,0.0005142688751220703,0.00045037269592285156,0.00044083595275878906,0.00021076202392578125,0,0
0.027962446212768555,0.004402637481689453,0.002791881561279297,0,0.0041141510009765625,0.0004565715789794922,0,0,0.0016536712646484375,0.0007295608520507812,0,0,0.0011610984802246094,0.0009071826934814453,0.00049591064453125,0.0004448890686035156,0.0003838539123535156,0.0002200603485107422,0,0
0.027764558792114258,0.004413127899169922,0.002163410186767578,0,0.004880428314208984,0.00044417381286621094,0,0,0.001646280288696289,0.0006856918334960938,0,0,0.003025531768798828,0.0010814666748046875,0.0004994869232177734,0.0004410743713378906,0.0003857612609863281,0.0003809928894042969,0,0
0.027704715728759766,0.004009723663330078,0.0022068023681640625,0,0.005331516265869141,0.0005624294281005859,0,0,0.0015976428985595703,0.0006234645843505859,0,0,0.0011334419250488281,0.0009109973907470703,0.0006623268127441406,0.0004622936248779297,0.0004410743713378906,0.0002753734588623047,0,0
0.027634859085083008,0.003994941711425781,0.0019271373748779297,0,0.004622459411621094,0.0005030632019042969,0,0,0.002569437026977539,0.0006492137908935547,0,0,0.0011107921600341797,0.0009539127349853516,0.00052642822265625,0.00044798851013183594,0.00043845176696777344,0.000213623046875,0,0
0.02771139144897461,0.004462242126464844,0.0028655529022216797,0,0.004982471466064453,0.0004744529724121094,0,0,0.0017957687377929688,0.0006678104400634766,0,0,0.0012187957763671875,0.0009348392486572266,0.0004944801330566406,0.0004451274871826172,0.00038123130798339844,0.00022745132446289062,0,0
0.028621673583984375,0.004342555999755859,0.0021066665649414062,0,0.004961252212524414,0.00046706199645996094,0,0,0.0018067359924316406,0.0006885528564453125,0,0,0.001161813735961914,0.0010113716125488281,0.0005061626434326172,0.00045299530029296875,0.0004353523254394531,0.00022745132446289062,0,0
0.033715009689331055,0.005048036575317383,0.003212451934814453,0,0.0055959224700927734,0.0005006790161132812,0,0,0.0017151832580566406,0.0006165504455566406,0,0,0.0011546611785888672,0.0010459423065185547,0.0004925727844238281,0.0004456043243408203,0.00043320655822753906,0.00023174285888671875,0,0
0.027764081954956055,0.004459381103515625,0.0028259754180908203,0,0.004158735275268555,0.000553131103515625,0,0,0.0017104148864746094,0.0006372928619384766,0,0,0.0013282299041748047,0.0011851787567138672,0.0005354881286621094,0.0004839897155761719,0.00045228004455566406,0.0002155303955078125,0,0
0.028363466262817383,0.004711627960205078,0.002840280532836914,0,0.004312992095947266,0.00038361549377441406,0,0,0.0016117095947265625,0.0007610321044921875,0,0,0.0013041496276855469,0.0011217594146728516,0.000499725341796875,0.0004544258117675781,0.00041961669921875,0.00019693374633789062,0,0
0.03893089294433594,0.004688739776611328,0.0025796890258789062,0,0.004540443420410156,0.0004494190216064453,0,0,0.0015857219696044922,0.0005898475646972656,0,0,0.0012273788452148438,0.0009407997131347656,0.0005218982696533203,0.0004911422729492188,0.0005905628204345703,0.00039124488830566406,0,0
0.02813100814819336,0.0042111873626708984,0.0024683475494384766,0,0.005228996276855469,0.0005555152893066406,0,0,0.0015566349029541016,0.0005931854248046875,0,0,0.0012352466583251953,0.0009593963623046875,0.0004954338073730469,0.0004432201385498047,0.00041961669921875,0.0002238750457763672,0,0
0.027902603149414062,0.0043926239013671875,0.003033876419067383,0,0.00408935546875,0.00045418739318847656,0,0,0.0016748905181884766,0.0006778240203857422,0,0,0.001222372055053711,0.0009217262268066406,0.0004987716674804688,0.0004413127899169922,0.0004172325134277344,0.00019478797912597656,0,0
0.027971506118774414,0.004294157028198242,0.0022516250610351562,0,0.004686594009399414,0.00039696693420410156,0,0,0.0016796588897705078,0.0006444454193115234,0,0,0.0012083053588867188,0.0009407997131347656,0.0004963874816894531,0.00047779083251953125,0.0004756450653076172,0.00021266937255859375,0,0
0.027909040451049805,0.00441741943359375,0.0028018951416015625,0,0.004088401794433594,0.000499725341796875,0,0,0.0017313957214355469,0.0006799697875976562,0,0,0.001188039779663086,0.0009007453918457031,0.0005395412445068359,0.0004458427429199219,0.00041604042053222656,0.0002853870391845703,0,0
0.02783679962158203,0.004355669021606445,0.0028219223022460938,0,0.00425267219543457,0.0004215240478515625,0,0,0.0017247200012207031,0.0006208419799804688,0,0,0.0012464523315429688,0.0009396076202392578,0.0005469322204589844,0.0004420280456542969,0.00047135353088378906,0.0002243518829345703,0,0
0.027886152267456055,0.0042989253997802734,0.002107858657836914,0,0.0046689510345458984,0.00047588348388671875,0,0,0.0016295909881591797,0.0006313323974609375,0,0,0.0012574195861816406,0.0009446144104003906,0.0005006790161132812,0.0004475116729736328,0.0004372596740722656,0.0002148151397705078,0,0
0.027890443801879883,0.004410743713378906,0.0028581619262695312,0,0.004334211349487305,0.00044608116149902344,0,0,0.0016222000122070312,0.0006206035614013672,0,0,0.0011839866638183594,0.0010068416595458984,0.0004987716674804688,0.0004525184631347656,0.0004341602325439453,0.0002124309539794922,0,0
0.027787446975708008,0.004395008087158203,0.0028395652770996094,0,0.004223823547363281,0.000415802001953125,0,0,0.001741647720336914,0.0006382465362548828,0,0,0.0012440681457519531,0.0009188652038574219,0.0004961490631103516,0.0004448890686035156,0.00046634674072265625,0.00020956993103027344,0,0
0.027875423431396484,0.003840923309326172,0.0018324851989746094,0,0.004106283187866211,0.0005888938903808594,0,0,0.0017995834350585938,0.0006270408630371094,0,0,0.0011663436889648438,0.0011370182037353516,0.0005893707275390625,0.0004601478576660156,0.000377655029296875,0.000194549560546875,0,0
0.02789163589477539,0.004290103912353516,0.0023059844970703125,0,0.004760026931762695,0.0004494190216064453,0,0,0.0016481876373291016,0.0006411075592041016,0,0,0.00121307373046875,0.0009431838989257812,0.0005390644073486328,0.00044918060302734375,0.0004317760467529297,0.00021886825561523438,0,0
0.02801966667175293,0.006848335266113281,0.0028123855590820312,0,0.004094600677490234,0.0004467964172363281,0,0,0.0017354488372802734,0.0006442070007324219,0,0,0.0012409687042236328,0.0009462833404541016,0.0004971027374267578,0.00044155120849609375,0.0005114078521728516,0.0002384185791015625,0,0
0.031693220138549805,0.004644632339477539,0.0021524429321289062,0,0.004289865493774414,0.00045609474182128906,0,0,0.0019414424896240234,0.0006561279296875,0,0,0.001165151596069336,0.0009522438049316406,0.0004918575286865234,0.0004444122314453125,0.0004661083221435547,0.0002467632293701172,0,0
0.027773618698120117,0.0044384002685546875,0.002866029739379883,0,0.004148721694946289,0.000423431396484375,0,0,0.0017137527465820312,0.0006144046783447266,0,0,0.001230478286743164,0.0009381771087646484,0.0004951953887939453,0.00044345855712890625,0.0004534721374511719,0.00018095970153808594,0,0
0.027814626693725586,0.004451751708984375,0.0027511119842529297,0,0.004137992858886719,0.0005755424499511719,0,0,0.0016415119171142578,0.0006175041198730469,0,0,0.0012590885162353516,0.000997304916381836,0.0005486011505126953,0.0005006790161132812,0.0006384849548339844,0.0002942085266113281,0,0
0.030016660690307617,0.0045893192291259766,0.0026221275329589844,0,0.004420757293701172,0.0004582405090332031,0,0,0.0019414424896240234,0.0006899833679199219,0,0,0.0011630058288574219,0.0009009838104248047,0.0004932880401611328,0.0004444122314453125,0.0004303455352783203,0.00023818016052246094,0,0
0.02917170524597168,0.00441431999206543,0.0021886825561523438,0,0.005215883255004883,0.0005338191986083984,0,0,0.0016481876373291016,0.0006365776062011719,0,0,0.0014493465423583984,0.0009431838989257812,0.0005028247833251953,0.0004999637603759766,0.0004379749298095703,0.00021719932556152344,0,0
0.03485918045043945,0.0058023929595947266,0.002328634262084961,0,0.005168437957763672,0.0005486011505126953,0,0,0.0019373893737792969,0.0007297992706298828,0,0,0.001344442367553711,0.0011949539184570312,0.0006017684936523438,0.0005459785461425781,0.0004749298095703125,0.0003218650817871094,0,0
0.02781844139099121,0.004461526870727539,0.0022614002227783203,0,0.004640817642211914,0.00043082237243652344,0,0,0.0016324520111083984,0.0007216930389404297,0,0,0.0011394023895263672,0.006292104721069336,0.0004956722259521484,0.0004439353942871094,0.0004210472106933594,0.00023937225341796875,0,0
0.027860641479492188,0.004552602767944336,0.0027418136596679688,0,0.0045740604400634766,0.0004260540008544922,0,0,0.0016431808471679688,0.0006608963012695312,0,0,0.0011751651763916016,0.0008990764617919922,0.0004932880401611328,0.00046443939208984375,0.0003495216369628906,0.00017714500427246094,0,0
0.027916908264160156,0.004265308380126953,0.0022268295288085938,0,0.004745006561279297,0.00039649009704589844,0,0,0.0016491413116455078,0.000629425048828125,0,0,0.0012116432189941406,0.0009930133819580078,0.0004901885986328125,0.00044274330139160156,0.00041675567626953125,0.0001723766326904297,0,0
0.02786540985107422,0.004523515701293945,0.002682924270629883,0,0.004170417785644531,0.0004456043243408203,0,0,0.0016636848449707031,0.0006430149078369141,0,0,0.0011985301971435547,0.0008912086486816406,0.0005505084991455078,0.00045371055603027344,0.000396728515625,0.00019478797912597656,0,0
0.02789139747619629,0.0044384002685546875,0.002874135971069336,0,0.004166364669799805,0.0004584789276123047,0,0,0.00167083740234375,0.0006470680236816406,0,0,0.0011446475982666016,0.0008642673492431641,0.0005016326904296875,0.00044918060302734375,0.00044345855712890625,0.00021910667419433594,0,0
0.027839183807373047,0.004438877105712891,0.0028123855590820312,0,0.004108905792236328,0.0005109310150146484,0,0,0.0017085075378417969,0.0006487369537353516,0,0,0.0011703968048095703,0.0009181499481201172,0.0004971027374267578,0.0004894733428955078,0.00039696693420410156,0.00021958351135253906,0,0
0.029253244400024414,0.006146669387817383,0.0033681392669677734,0,0.0053730010986328125,0.00039958953857421875,0,0,0.0014917850494384766,0.0005853176116943359,0,0,0.0012841224670410156,0.0009646415710449219,0.0004947185516357422,0.00044465065002441406,0.0005128383636474609,0.0002315044403076172,0,0
0.027896404266357422,0.004414081573486328,0.0029914379119873047,0,0.0040798187255859375,0.0004584789276123047,0,0,0.0017137527465820312,0.0006527900695800781,0,0,0.0012445449829101562,0.0009052753448486328,0.0004954338073730469,0.0004448890686035156,0.0004391670227050781,0.00023293495178222656,0,0
0.027866601943969727,0.0043642520904541016,0.0028717517852783203,0,0.0042073726654052734,0.0004487037658691406,0,0,0.0017440319061279297,0.0006449222564697266,0,0,0.0011870861053466797,0.0009174346923828125,0.0004992485046386719,0.00044536590576171875,0.0004417896270751953,0.00021004676818847656,0,0
0.0278470516204834,0.004490375518798828,0.002926349639892578,0,0.004153251647949219,0.0004611015319824219,0,0,0.001734018325805664,0.0006456375122070312,0,0,0.0012333393096923828,0.0009338855743408203,0.0005018711090087891,0.00044608116149902344,0.0004367828369140625,0.00022459030151367188,0,0
0.028069734573364258,0.004392862319946289,0.0030088424682617188,0,0.0042231082916259766,0.0004591941833496094,0,0,0.001661062240600586,0.0006322860717773438,0,0,0.0011775493621826172,0.0009179115295410156,0.0005388259887695312,0.00044846534729003906,0.00039124488830566406,0.00017452239990234375,0,0
0.027832508087158203,0.004540681838989258,0.0027472972869873047,0,0.004143238067626953,0.00047206878662109375,0,0,0.0017108917236328125,0.000675201416015625,0,0,0.0011065006256103516,0.0008654594421386719,0.0004949569702148438,0.0004470348358154297,0.0004227161407470703,0.0002377033233642578,0,0
0.027879714965820312,0.004450321197509766,0.0029196739196777344,0,0.00409388542175293,0.0004112720489501953,0,0,0.0016167163848876953,0.0007510185241699219,0,0,0.0012001991271972656,0.0009121894836425781,0.0004954338073730469,0.00044536590576171875,0.00041747093200683594,0.0002193450927734375,0,0
0.027840614318847656,0.004419565200805664,0.0022084712982177734,0,0.004545927047729492,0.00046825408935546875,0,0,0.0016531944274902344,0.0006449222564697266,0,0,0.0012192726135253906,0.0009357929229736328,0.0005388259887695312,0.0004508495330810547,0.00044417381286621094,0.00021719932556152344,0,0
0.028110742568969727,0.004337310791015625,0.0022552013397216797,0,0.004531145095825195,0.0004558563232421875,0,0,0.0016937255859375,0.0006825923919677734,0,0,0.0039632320404052734,0.0008909702301025391,0.0004940032958984375,0.00044035911560058594,0.00041961669921875,0.00024962425231933594,0,0
0.027904033660888672,0.004095315933227539,0.002413034439086914,0,0.005261898040771484,0.0005888938903808594,0,0,0.0016384124755859375,0.0005922317504882812,0,0,0.0011963844299316406,0.0009195804595947266,0.0005207061767578125,0.0004456043243408203,0.0004954338073730469,0.00022864341735839844,0,0
0.027668237686157227,0.00442194938659668,0.0021381378173828125,0,0.0045320987701416016,0.00045680999755859375,0,0,0.0016529560089111328,0.0006835460662841797,0,0,0.0011746883392333984,0.0008909702301025391,0.0005023479461669922,0.0004458427429199219,0.0004284381866455078,0.0002224445343017578,0,0
0.02773737907409668,0.004494905471801758,0.0027980804443359375,0,0.004340410232543945,0.0003647804260253906,0,0,0.0016644001007080078,0.0006148815155029297,0,0,0.0011792182922363281,0.0008809566497802734,0.0005044937133789062,0.0004458427429199219,0.0004794597625732422,0.0002162456512451172,0,0
0.028805255889892578,0.004408597946166992,0.0024116039276123047,0,0.004483461380004883,0.0004572868347167969,0,0,0.0016667842864990234,0.000690460205078125,0,0,0.0011899471282958984,0.0009131431579589844,0.0004978179931640625,0.0004458427429199219,0.0004334449768066406,0.0002300739288330078,0,0
0.02788543701171875,0.004085540771484375,0.002175569534301758,0,0.004473686218261719,0.0009505748748779297,0,0,0.0018184185028076172,0.0005974769592285156,0,0,0.001131296157836914,0.0009672641754150391,0.0004954338073730469,0.0004451274871826172,0.00045561790466308594,0.00037288665771484375,0,0
0.027817249298095703,0.004371166229248047,0.0025687217712402344,0,0.004838705062866211,0.0004296302795410156,0,0,0.001619577407836914,0.0006051063537597656,0,0,0.001230001449584961,0.0009148120880126953,0.0004949569702148438,0.0005321502685546875,0.0003933906555175781,0.000186920166015625,0,0
0.027606964111328125,0.0044307708740234375,0.0021686553955078125,0,0.004599809646606445,0.00042057037353515625,0,0,0.0016896724700927734,0.0006771087646484375,0,0,0.006826639175415039,0.0010271072387695312,0.0004918575286865234,0.00044345855712890625,0.0005164146423339844,0.0002639293670654297,0,0
0.02778935432434082,0.004389286041259766,0.002907276153564453,0,0.004106760025024414,0.0004851818084716797,0,0,0.0017049312591552734,0.0006451606750488281,0,0,0.0012326240539550781,0.00091552734375,0.0004985332489013672,0.00044989585876464844,0.00046753883361816406,0.00021958351135253906,0,0
0.028100967407226562,0.004452943801879883,0.002985715866088867,0,0.004495382308959961,0.0004596710205078125,0,0,0.0017881393432617188,0.0008404254913330078,0,0,0.0011696815490722656,0.0009601116180419922,0.0005025863647460938,0.0004444122314453125,0.00041985511779785156,0.00021576881408691406,0,0
0.027798891067504883,0.0041086673736572266,0.0021741390228271484,0,0.004541873931884766,0.0009701251983642578,0,0,0.0018377304077148438,0.0005862712860107422,0,0,0.0011553764343261719,0.0009756088256835938,0.0004932880401611328,0.0004458427429199219,0.0004565715789794922,0.00027823448181152344,0,0
0.027667760848999023,0.0040416717529296875,0.001901865005493164,0,0.004691123962402344,0.00046324729919433594,0,0,0.002569437026977539,0.0006306171417236328,0,0,0.0011005401611328125,0.0009396076202392578,0.0004961490631103516,0.0004448890686035156,0.0004413127899169922,0.00022220611572265625,0,0
0.02798008918762207,0.004313468933105469,0.002164125442504883,0,0.00471806526184082,0.00044918060302734375,0,0,0.0016548633575439453,0.0006632804870605469,0,0,0.001163482666015625,0.0009744167327880859,0.0005428791046142578,0.0004532337188720703,0.00040984153747558594,0.0001800060272216797,0,0
0.028002023696899414,0.004365205764770508,0.002887725830078125,0,0.004311800003051758,0.0004572868347167969,0,0,0.0017261505126953125,0.0006468296051025391,0,0,0.0011703968048095703,0.0009794235229492188,0.0004944801330566406,0.00044536590576171875,0.00045943260192871094,0.0002593994140625,0,0
